ID,Gender,Age
0,male,adult
1,female,adult
2,female,childl
3,female,adult
4,male,adult
5,female,adult
6,male,adult
7,female,adult
8,female,adult
9,male,adult
10,female,adult
11,female,adult
12,female,adult
13,female,adult
14,male,adult
15,female,adult
16,female,childl
17,male,adult
18,male,adult
19,male,adult
20,male,adult
21,female,adult
22,female,adult
23,male,adult
24,male,adult
25,female,adult
26,male,adult
27,male,adult
28,male,adult
29,male,adult
30,male,adult
31,male,adult
32,female,adult
33,female,adult
34,male,adult
35,male,adult
36,male,adult
37,female,adult
38,female,adult
39,male,adult
40,female,adult
41,male,adult
42,female,adult
43,female,adult
44,female,adult
45,female,adult
46,female,childl
47,male,adult
48,female,adult
49,female,adult
50,female,adult
51,male,adult
52,female,childl
53,male,adult
54,male,adult
55,female,adult
56,male,adult
57,female,adult
58,female,childl
59,female,adult
60,male,adult
61,female,adult
62,female,childl
63,female,childl
64,male,adult
65,female,adult
66,male,adult
67,female,adult
68,female,adult
69,male,adult
70,female,childl
71,male,adult
72,female,adult
73,male,adult
74,female,adult
75,male,adult
76,male,adult
77,female,adult
78,female,adult
79,male,adult
80,male,adult
81,male,adult
82,female,adult
83,female,childl
84,female,adult
85,male,adult
86,female,adult
87,female,adult
88,male,adult
89,female,adult
90,female,adult
91,female,adult
92,female,adult
93,female,adult
94,female,adult
95,female,childl
96,female,adult
97,male,adult
98,male,adult
99,female,adult
100,female,childl
101,female,adult
102,male,adult
103,male,adult
104,female,childl
105,female,adult
106,male,adult
107,female,adult
108,male,adult
109,male,adult
110,female,adult
111,male,adult
112,male,adult
113,male,adult
114,male,adult
115,male,adult
116,female,adult
117,male,adult
118,female,adult
119,female,childl
120,female,adult
121,male,adult
122,male,adult
123,male,adult
124,female,adult
125,female,childl
126,female,childl
127,male,adult
128,male,adult
129,female,adult
130,female,childl
131,male,adult
132,female,adult
133,female,adult
134,female,childl
135,female,adult
136,female,childl
137,female,adult
138,female,adult
139,female,childl
140,female,adult
141,male,adult
142,female,adult
143,male,adult
144,female,adult
145,male,adult
146,female,childl
147,female,adult
148,male,adult
149,male,adult
150,female,adult
151,female,adult
152,male,adult
153,female,childl
154,female,adult
155,male,adult
156,male,adult
157,female,adult
158,male,adult
159,male,adult
160,female,adult
161,female,adult
162,female,adult
163,female,adult
164,male,adult
165,female,adult
166,female,childl
167,female,childl
168,male,adult
169,female,adult
170,male,adult
171,female,adult
172,female,childl
173,male,adult
174,male,adult
175,female,childl
176,male,adult
177,male,adult
178,female,adult
179,female,adult
180,male,adult
181,female,childl
182,male,adult
183,female,adult
184,male,adult
185,male,adult
186,female,adult
187,female,adult
188,female,adult
189,female,adult
190,male,adult
191,female,childl
192,male,adult
193,female,adult
194,male,adult
195,male,adult
196,female,adult
197,female,adult
198,female,childl
199,male,adult
200,female,adult
201,male,adult
202,female,adult
203,female,adult
204,female,adult
205,female,adult
206,male,adult
207,female,childl
208,male,adult
209,female,childl
210,female,adult
211,male,adult
212,female,adult
213,male,adult
214,male,adult
215,female,childl
216,male,adult
217,male,adult
218,female,adult
219,female,adult
220,male,adult
221,male,adult
222,male,adult
223,female,adult
224,female,adult
225,male,adult
226,female,adult
227,male,adult
228,male,adult
229,female,adult
230,male,adult
231,male,adult
232,male,adult
233,female,adult
234,female,adult
235,female,childl
236,male,adult
237,male,adult
238,female,childl
239,female,adult
240,male,adult
241,male,adult
242,female,adult
243,male,adult
244,female,adult
245,male,adult
246,male,adult
247,female,adult
248,female,adult
249,female,adult
250,male,adult
251,female,adult
252,male,adult
253,female,adult
254,female,adult
255,female,adult
256,male,adult
257,male,adult
258,female,childl
259,female,adult
260,male,adult
261,female,adult
262,female,childl
263,female,adult
264,male,adult
265,male,adult
266,male,adult
267,female,adult
268,female,adult
269,male,adult
270,male,adult
271,male,adult
272,female,adult
273,female,adult
274,female,childl
275,female,adult
276,male,adult
277,male,adult
278,female,adult
279,male,adult
280,female,adult
281,male,adult
282,male,adult
283,female,adult
284,female,adult
285,female,adult
286,female,adult
287,female,childl
288,female,adult
289,male,adult
290,male,adult
291,female,childl
292,female,adult
293,female,adult
294,male,adult
295,female,adult
296,male,adult
297,male,adult
298,female,adult
299,male,adult
300,female,adult
301,female,adult
302,male,adult
303,male,adult
304,female,adult
305,female,adult
306,female,adult
307,female,adult
308,female,adult
309,male,adult
310,female,childl
311,female,adult
312,female,adult
313,female,adult
314,male,adult
315,male,adult
316,male,adult
317,female,adult
318,male,adult
319,female,adult
320,male,adult
321,female,adult
322,female,adult
323,female,childl
324,male,adult
325,male,adult
326,female,childl
327,female,adult
328,male,adult
329,female,adult
330,female,childl
331,male,adult
332,male,adult
333,male,adult
334,male,adult
335,female,adult
336,male,adult
337,female,childl
338,female,adult
339,female,adult
340,male,adult
341,male,adult
342,male,adult
343,male,adult
344,male,adult
345,female,childl
346,female,adult
347,male,adult
348,female,adult
349,female,childl
350,female,adult
351,female,adult
352,female,adult
353,female,adult
354,female,adult
355,male,adult
356,female,adult
357,male,adult
358,male,adult
359,male,adult
360,male,adult
361,female,adult
362,male,adult
363,female,adult
364,female,adult
365,female,adult
366,male,adult
367,male,adult
368,female,adult
369,female,adult
370,female,adult
371,female,adult
372,male,adult
373,female,adult
374,female,adult
375,male,adult
376,male,adult
377,female,childl
378,male,adult
379,female,childl
380,male,adult
381,female,childl
382,female,childl
383,male,adult
384,female,adult
385,male,adult
386,male,adult
387,female,childl
388,female,childl
389,female,adult
390,female,childl
391,male,adult
392,female,childl
393,female,adult
394,male,adult
395,female,adult
396,male,adult
397,female,adult
398,male,adult
399,male,adult
400,male,adult
401,male,adult
402,male,adult
403,female,adult
404,female,adult
405,male,adult
406,male,adult
407,male,adult
408,female,childl
409,male,adult
410,female,adult
411,male,adult
412,female,adult
413,male,adult
414,male,adult
415,male,adult
416,female,childl
417,male,adult
418,male,adult
419,female,childl
420,male,adult
421,female,adult
422,male,adult
423,male,adult
424,male,adult
425,female,adult
426,female,adult
427,female,childl
428,female,adult
429,female,childl
430,male,adult
431,female,adult
432,female,adult
433,female,adult
434,female,adult
435,male,adult
436,male,adult
437,female,adult
438,female,adult
439,female,adult
440,male,adult
441,female,adult
442,female,adult
443,male,adult
444,female,adult
445,male,adult
446,female,adult
447,male,adult
448,female,adult
449,female,adult
450,female,adult
451,female,adult
452,male,adult
453,male,adult
454,female,adult
455,female,childl
456,female,adult
457,female,childl
458,male,adult
459,female,adult
460,female,childl
461,female,adult
462,female,adult
463,male,adult
464,female,adult
465,male,adult
466,female,adult
467,male,adult
468,male,adult
469,female,childl
470,female,adult
471,male,adult
472,male,adult
473,female,adult
474,male,adult
475,male,adult
476,male,adult
477,male,adult
478,male,adult
479,female,adult
480,male,adult
481,female,childl
482,male,adult
483,female,adult
484,male,adult
485,female,adult
486,male,adult
487,male,adult
488,female,adult
489,female,adult
490,male,adult
491,female,adult
492,female,childl
493,male,adult
494,female,adult
495,female,adult
496,male,adult
497,female,adult
498,female,adult
499,male,adult
500,male,adult
501,female,adult
502,female,adult
503,female,adult
504,male,adult
505,female,adult
506,male,adult
507,male,adult
508,male,adult
509,female,childl
510,female,adult
511,female,childl
512,female,adult
513,female,adult
514,male,adult
515,male,adult
516,female,adult
517,female,adult
518,female,adult
519,female,adult
520,male,adult
521,male,adult
522,female,childl
523,male,adult
524,female,adult
525,female,adult
526,female,adult
527,female,adult
528,female,adult
529,male,adult
530,male,adult
531,female,adult
532,male,adult
533,male,adult
534,female,adult
535,female,adult
536,male,adult
537,female,adult
538,male,adult
539,female,adult
540,male,adult
541,male,adult
542,male,adult
543,male,adult
544,male,adult
545,female,adult
546,male,adult
547,male,adult
548,male,adult
549,male,adult
550,female,adult
551,female,adult
552,male,adult
553,female,childl
554,female,childl
555,female,adult
556,female,adult
557,female,adult
558,female,adult
559,male,adult
560,female,adult
561,female,adult
562,male,adult
563,female,adult
564,male,adult
565,female,adult
566,male,adult
567,female,adult
568,female,adult
569,female,adult
570,female,adult
571,male,adult
572,female,adult
573,female,adult
574,female,adult
575,female,adult
576,female,adult
577,male,adult
578,female,adult
579,female,adult
580,male,adult
581,female,adult
582,female,childl
583,male,adult
584,female,adult
585,male,adult
586,male,adult
587,female,adult
588,male,adult
589,female,adult
590,female,adult
591,female,adult
592,female,childl
593,female,adult
594,female,childl
595,female,childl
596,female,adult
597,female,adult
598,male,adult
599,female,adult
600,male,adult
601,male,adult
602,female,adult
603,female,adult
604,female,adult
605,male,adult
606,female,adult
607,female,adult
608,female,adult
609,female,childl
610,male,adult
611,female,childl
612,female,adult
613,male,adult
614,female,adult
615,female,adult
616,female,adult
617,female,adult
618,female,adult
619,male,adult
620,male,adult
621,male,adult
622,female,adult
623,female,childl
624,male,adult
625,male,adult
626,female,adult
627,male,adult
628,female,adult
629,male,adult
630,female,adult
631,female,adult
632,female,adult
633,female,adult
634,male,adult
635,male,adult
636,female,adult
637,male,adult
638,male,adult
639,female,adult
640,female,adult
641,female,adult
642,male,adult
643,female,childl
644,male,adult
645,male,adult
646,male,adult
647,female,adult
648,female,childl
649,male,adult
650,female,adult
651,female,adult
652,female,adult
653,female,adult
654,male,adult
655,female,adult
656,male,adult
657,male,adult
658,female,adult
659,male,adult
660,male,adult
661,female,childl
662,female,adult
663,female,adult
664,male,adult
665,female,childl
666,male,adult
667,male,adult
668,male,adult
669,male,adult
670,female,adult
671,female,adult
672,male,adult
673,female,adult
674,female,adult
675,female,adult
676,female,adult
677,male,adult
678,female,adult
679,female,adult
680,female,childl
681,male,adult
682,male,adult
683,female,childl
684,female,childl
685,male,adult
686,male,adult
687,male,adult
688,female,adult
689,male,adult
690,male,adult
691,male,adult
692,female,adult
693,female,adult
694,male,adult
695,female,adult
696,female,adult
697,male,adult
698,male,adult
699,male,adult
700,female,adult
701,female,adult
702,female,childl
703,female,adult
704,female,adult
705,female,adult
706,female,adult
707,male,adult
708,female,adult
709,female,adult
710,female,childl
711,male,adult
712,female,adult
713,female,adult
714,female,adult
715,male,adult
716,male,adult
717,male,adult
718,female,childl
719,female,adult
720,female,adult
721,female,adult
722,male,adult
723,male,adult
724,female,adult
725,female,adult
726,male,adult
727,female,childl
728,female,childl
729,male,adult
730,female,adult
731,male,adult
732,female,adult
733,female,childl
734,female,adult
735,female,adult
736,female,adult
737,male,adult
738,female,adult
739,male,adult
740,male,adult
741,female,adult
742,female,adult
743,female,childl
744,female,adult
745,female,adult
746,male,adult
747,male,adult
748,male,adult
749,male,adult
750,male,adult
751,female,childl
752,female,adult
753,male,adult
754,female,childl
755,male,adult
756,female,adult
757,female,adult
758,male,adult
759,male,adult
760,male,adult
761,male,adult
762,female,adult
763,female,adult
764,male,adult
765,female,childl
766,male,adult
767,male,adult
768,female,adult
769,male,adult
770,male,adult
771,female,adult
772,female,childl
773,female,childl
774,female,adult
775,female,adult
776,female,adult
777,female,adult
778,male,adult
779,female,childl
780,male,adult
781,male,adult
782,female,adult
783,female,childl
784,female,adult
785,female,childl
786,male,adult
787,female,adult
788,female,childl
789,male,adult
790,male,adult
791,male,adult
792,female,adult
793,male,adult
794,female,adult
795,female,adult
796,male,adult
797,female,adult
798,male,adult
799,female,adult
800,female,childl
801,male,adult
802,male,adult
803,female,adult
804,female,adult
805,male,adult
806,male,adult
807,female,adult
808,male,adult
809,male,adult
810,female,childl
811,male,adult
812,male,adult
813,male,adult
814,female,adult
815,female,adult
816,female,adult
817,male,adult
818,female,childl
819,male,adult
820,male,adult
821,female,adult
822,female,adult
823,female,adult
824,female,adult
825,female,childl
826,male,adult
827,female,adult
828,female,adult
829,male,adult
830,female,adult
831,female,adult
832,female,adult
833,female,adult
834,female,adult
835,female,adult
836,male,adult
837,male,adult
838,female,adult
839,female,adult
840,female,adult
841,female,childl
842,female,adult
843,female,adult
844,female,adult
845,female,adult
846,female,adult
847,male,adult
848,female,adult
849,female,adult
850,female,adult
851,female,adult
852,female,adult
853,female,adult
854,male,adult
855,male,adult
856,female,adult
857,female,adult
858,male,adult
859,male,adult
860,male,adult
861,female,adult
862,female,adult
863,female,adult
864,female,adult
865,male,adult
866,female,adult
867,female,childl
868,female,adult
869,male,adult
870,male,adult
871,male,adult
872,female,adult
873,female,adult
874,male,adult
875,female,childl
876,female,adult
877,male,adult
878,female,adult
879,female,adult
880,female,adult
881,female,adult
882,female,adult
883,male,adult
884,female,adult
885,female,adult
886,male,adult
887,female,adult
888,male,adult
889,male,adult
890,male,adult
891,female,adult
892,male,adult
893,female,adult
894,female,adult
895,female,childl
896,male,adult
897,female,adult
898,female,adult
899,female,childl
900,female,adult
901,female,adult
902,female,adult
903,female,adult
904,female,adult
905,female,adult
906,male,adult
907,female,childl
908,female,adult
909,female,adult
910,female,adult
911,female,adult
912,female,adult
913,female,adult
914,female,adult
915,male,adult
916,female,adult
917,male,adult
918,female,adult
919,female,childl
920,female,childl
921,female,childl
922,female,adult
923,female,childl
924,male,adult
925,male,adult
926,female,adult
927,female,childl
928,male,adult
929,male,adult
930,male,adult
931,female,adult
932,male,adult
933,female,adult
934,female,adult
935,male,adult
936,female,adult
937,female,childl
938,female,adult
939,female,adult
940,female,adult
941,female,childl
942,male,adult
943,female,adult
944,female,childl
945,female,childl
946,male,adult
947,female,childl
948,male,adult
949,male,adult
950,male,adult
951,male,adult
952,male,adult
953,male,adult
954,male,adult
955,female,adult
956,male,adult
957,female,adult
958,female,adult
959,male,adult
960,male,adult
961,male,adult
962,female,childl
963,male,adult
964,male,adult
965,female,childl
966,male,adult
967,male,adult
968,female,adult
969,female,adult
970,male,adult
971,female,adult
972,male,adult
973,male,adult
974,female,adult
975,female,childl
976,male,adult
977,female,adult
978,male,adult
979,male,adult
980,female,adult
981,male,adult
982,female,adult
983,male,adult
984,male,adult
985,male,adult
986,female,childl
987,male,adult
988,female,childl
989,female,adult
990,female,adult
991,female,adult
992,male,adult
993,male,adult
994,female,adult
995,female,adult
996,female,adult
997,male,adult
998,male,adult
999,male,adult
1000,female,adult
1001,female,adult
1002,female,adult
1003,female,childl
1004,female,childl
1005,male,adult
1006,male,adult
1007,female,adult
1008,female,adult
1009,female,adult
1010,male,adult
1011,female,adult
1012,female,childl
1013,female,adult
1014,female,adult
1015,female,childl
1016,female,childl
1017,male,adult
1018,female,adult
1019,female,adult
1020,female,childl
1021,female,adult
1022,male,adult
1023,female,adult
1024,male,adult
1025,female,adult
1026,female,adult
1027,female,adult
1028,female,adult
1029,male,adult
1030,female,childl
1031,male,adult
1032,male,adult
1033,male,adult
1034,male,adult
1035,male,adult
1036,female,adult
1037,male,adult
1038,female,adult
1039,male,adult
1040,male,adult
1041,female,adult
1042,female,childl
1043,female,adult
1044,female,adult
1045,male,adult
1046,female,adult
1047,female,adult
1048,female,adult
1049,male,adult
1050,male,adult
1051,male,adult
1052,male,adult
1053,female,adult
1054,male,adult
1055,female,adult
1056,male,adult
1057,female,childl
1058,female,childl
1059,female,adult
1060,female,childl
1061,female,childl
1062,female,childl
1063,male,adult
1064,male,adult
1065,male,adult
1066,female,childl
1067,female,adult
1068,female,adult
1069,male,adult
1070,female,adult
1071,female,adult
1072,female,adult
1073,female,adult
1074,female,adult
1075,female,adult
1076,male,adult
1077,male,adult
1078,female,adult
1079,male,adult
1080,female,adult
1081,female,adult
1082,male,adult
1083,female,adult
1084,female,adult
1085,female,adult
1086,female,adult
1087,female,adult
1088,female,adult
1089,female,adult
1090,female,adult
1091,female,childl
1092,male,adult
1093,male,adult
1094,male,adult
1095,male,adult
1096,female,childl
1097,male,adult
1098,male,adult
1099,female,adult
1100,male,adult
1101,female,childl
1102,male,adult
1103,male,adult
1104,male,adult
1105,male,adult
1106,female,adult
1107,female,adult
1108,male,adult
1109,female,adult
1110,female,adult
1111,female,adult
1112,female,adult
1113,male,adult
1114,female,adult
1115,female,adult
1116,female,adult
1117,male,adult
1118,female,adult
1119,female,adult
1120,male,adult
1121,female,adult
1122,female,adult
1123,male,adult
1124,female,adult
1125,male,adult
1126,female,adult
1127,male,adult
1128,female,adult
1129,male,adult
1130,female,adult
1131,male,adult
1132,female,adult
1133,female,adult
1134,female,adult
1135,female,childl
1136,female,childl
1137,female,adult
1138,male,adult
1139,female,childl
1140,female,childl
1141,male,adult
1142,female,adult
1143,male,adult
1144,female,adult
1145,male,adult
1146,female,adult
1147,female,childl
1148,male,adult
1149,female,adult
1150,female,childl
1151,female,adult
1152,male,adult
1153,female,adult
1154,male,adult
1155,male,adult
1156,female,adult
1157,female,adult
1158,female,adult
1159,female,adult
1160,female,childl
1161,male,adult
1162,male,adult
1163,male,adult
1164,male,adult
1165,male,adult
1166,female,adult
1167,male,adult
1168,male,adult
1169,male,adult
1170,male,adult
1171,male,adult
1172,male,adult
1173,female,adult
1174,male,adult
1175,female,childl
1176,female,adult
1177,female,adult
1178,female,adult
1179,female,adult
1180,female,adult
1181,female,childl
1182,male,adult
1183,male,adult
1184,male,adult
1185,female,adult
1186,male,adult
1187,male,adult
1188,female,adult
1189,male,adult
1190,male,adult
1191,female,adult
1192,female,adult
1193,female,adult
1194,female,adult
1195,male,adult
1196,female,adult
1197,female,adult
1198,female,adult
1199,male,adult
1200,male,adult
1201,male,adult
1202,female,adult
1203,female,adult
1204,female,adult
1205,male,adult
1206,female,childl
1207,female,adult
1208,female,adult
1209,female,adult
1210,female,adult
1211,female,adult
1212,female,adult
1213,female,adult
1214,male,adult
1215,female,childl
1216,male,adult
1217,male,adult
1218,female,adult
1219,male,adult
1220,male,adult
1221,female,adult
1222,female,adult
1223,female,adult
1224,male,adult
1225,male,adult
1226,male,adult
1227,female,adult
1228,male,adult
1229,male,adult
1230,female,adult
1231,female,childl
1232,female,adult
1233,male,adult
1234,male,adult
1235,female,adult
1236,female,childl
1237,female,childl
1238,female,adult
1239,male,adult
1240,female,adult
1241,male,adult
1242,female,adult
1243,female,adult
1244,male,adult
1245,male,adult
1246,female,adult
1247,female,adult
1248,female,adult
1249,male,adult
1250,female,adult
1251,female,adult
1252,male,adult
1253,male,adult
1254,female,adult
1255,female,adult
1256,male,adult
1257,male,adult
1258,male,adult
1259,female,childl
1260,male,adult
1261,female,adult
1262,female,adult
1263,female,adult
1264,male,adult
1265,female,adult
1266,male,adult
1267,female,adult
1268,male,adult
1269,male,adult
1270,female,adult
1271,female,adult
1272,female,childl
1273,male,adult
1274,female,adult
1275,female,adult
1276,male,adult
1277,female,adult
1278,female,adult
1279,female,adult
1280,female,adult
1281,female,adult
1282,female,childl
1283,male,adult
1284,male,adult
1285,female,adult
1286,female,childl
1287,male,adult
1288,male,adult
1289,female,adult
1290,male,adult
1291,male,adult
1292,male,adult
1293,male,adult
1294,male,adult
1295,male,adult
1296,female,adult
1297,male,adult
1298,female,adult
1299,female,adult
1300,female,adult
1301,female,childl
1302,female,adult
1303,female,adult
1304,female,adult
1305,male,adult
1306,female,adult
1307,female,adult
1308,male,adult
1309,female,childl
1310,female,childl
1311,female,adult
1312,male,adult
1313,female,childl
1314,male,adult
1315,male,adult
1316,female,adult
1317,female,adult
1318,male,adult
1319,female,adult
1320,female,adult
1321,female,adult
1322,female,adult
1323,female,adult
1324,female,adult
1325,female,childl
1326,female,adult
1327,female,adult
1328,female,adult
1329,female,adult
1330,female,adult
1331,female,adult
1332,female,adult
1333,female,childl
1334,male,adult
1335,male,adult
1336,female,adult
1337,female,adult
1338,female,adult
1339,female,adult
1340,female,adult
1341,female,adult
1342,female,adult
1343,male,adult
1344,female,adult
1345,male,adult
1346,male,adult
1347,female,childl
1348,male,adult
1349,female,childl
1350,female,adult
1351,female,adult
1352,female,adult
1353,female,adult
1354,male,adult
1355,male,adult
1356,female,adult
1357,male,adult
1358,female,adult
1359,male,adult
1360,male,adult
1361,female,adult
1362,male,adult
1363,male,adult
1364,female,childl
1365,female,adult
1366,male,adult
1367,male,adult
1368,female,adult
1369,female,childl
1370,male,adult
1371,female,adult
1372,female,adult
1373,male,adult
1374,female,adult
1375,female,adult
1376,female,adult
1377,male,adult
1378,male,adult
1379,male,adult
1380,male,adult
1381,male,adult
1382,female,adult
1383,male,adult
1384,female,adult
1385,male,adult
1386,male,adult
1387,male,adult
1388,female,childl
1389,female,childl
1390,female,adult
1391,male,adult
1392,male,adult
1393,male,adult
1394,female,adult
1395,female,childl
1396,male,adult
1397,female,childl
1398,female,adult
1399,male,adult
1400,female,adult
1401,female,adult
1402,female,adult
1403,female,adult
1404,female,adult
1405,female,adult
1406,male,adult
1407,female,adult
1408,male,adult
1409,female,adult
1410,male,adult
1411,female,adult
1412,female,adult
1413,female,adult
1414,male,adult
1415,female,adult
1416,female,childl
1417,male,adult
1418,female,childl
1419,female,adult
1420,male,adult
1421,female,adult
1422,female,adult
1423,female,adult
1424,female,childl
1425,male,adult
1426,female,adult
1427,female,adult
1428,female,childl
1429,female,adult
1430,male,adult
1431,female,adult
1432,male,adult
1433,male,adult
1434,male,adult
1435,male,adult
1436,female,adult
1437,female,childl
1438,male,adult
1439,female,adult
1440,female,adult
1441,male,adult
1442,male,adult
1443,female,adult
1444,female,adult
1445,male,adult
1446,male,adult
1447,female,adult
1448,female,adult
1449,female,adult
1450,male,adult
1451,male,adult
1452,male,adult
1453,female,adult
1454,female,adult
1455,male,adult
1456,female,adult
1457,male,adult
1458,male,adult
1459,female,adult
1460,female,adult
1461,female,adult
1462,female,adult
1463,male,adult
1464,male,adult
1465,female,adult
1466,female,adult
1467,female,adult
1468,female,adult
1469,male,adult
1470,female,adult
1471,female,childl
1472,male,adult
1473,female,childl
1474,male,adult
1475,female,adult
1476,female,adult
1477,female,adult
1478,male,adult
1479,male,adult
1480,female,adult
1481,male,adult
1482,male,adult
1483,female,adult
1484,male,adult
1485,male,adult
1486,female,adult
1487,male,adult
1488,female,childl
1489,male,adult
1490,male,adult
1491,male,adult
1492,female,adult
1493,female,childl
1494,female,childl
1495,female,adult
1496,female,adult
1497,female,adult
1498,female,adult
1499,female,adult
1500,male,adult
1501,male,adult
1502,female,adult
1503,male,adult
1504,female,adult
1505,male,adult
1506,female,adult
1507,female,adult
1508,female,adult
1509,female,adult
1510,female,adult
1511,female,adult
1512,male,adult
1513,male,adult
1514,female,adult
1515,male,adult
1516,male,adult
1517,female,childl
1518,male,adult
1519,male,adult
1520,female,adult
1521,female,adult
1522,female,adult
1523,female,adult
1524,male,adult
1525,male,adult
1526,male,adult
1527,female,adult
1528,female,adult
1529,male,adult
1530,female,adult
1531,female,adult
1532,male,adult
1533,female,adult
1534,female,adult
1535,female,adult
1536,male,adult
1537,male,adult
1538,male,adult
1539,female,adult
1540,female,adult
1541,male,adult
1542,female,adult
1543,female,adult
1544,male,adult
1545,male,adult
1546,male,adult
1547,male,adult
1548,female,childl
1549,female,adult
1550,male,adult
1551,male,adult
1552,female,adult
1553,female,adult
1554,female,adult
1555,female,adult
1556,female,adult
1557,male,adult
1558,male,adult
1559,male,adult
1560,female,adult
1561,male,adult
1562,female,adult
1563,female,adult
1564,female,adult
1565,female,childl
1566,male,adult
1567,male,adult
1568,female,adult
1569,female,adult
1570,female,adult
1571,female,adult
1572,male,adult
1573,female,adult
1574,female,childl
1575,female,adult
1576,male,adult
1577,female,adult
1578,male,adult
1579,female,adult
1580,female,adult
1581,male,adult
1582,male,adult
1583,female,adult
1584,female,adult
1585,female,adult
1586,female,childl
1587,female,adult
1588,male,adult
1589,female,adult
1590,female,childl
1591,male,adult
1592,male,adult
1593,female,adult
1594,male,adult
1595,male,adult
1596,female,adult
1597,female,adult
1598,male,adult
1599,male,adult
1600,female,adult
1601,female,adult
1602,female,adult
1603,female,adult
1604,female,adult
1605,female,adult
1606,female,adult
1607,female,adult
1608,male,adult
1609,male,adult
1610,female,adult
1611,male,adult
1612,female,adult
1613,female,adult
1614,male,adult
1615,female,childl
1616,female,adult
1617,female,adult
1618,female,adult
1619,female,adult
1620,female,adult
1621,male,adult
1622,female,adult
1623,female,adult
1624,female,adult
1625,female,adult
1626,female,adult
1627,male,adult
1628,male,adult
1629,male,adult
1630,male,adult
1631,male,adult
1632,female,childl
1633,female,adult
1634,male,adult
1635,female,childl
1636,female,adult
1637,female,adult
1638,male,adult
1639,female,adult
1640,male,adult
1641,female,adult
1642,male,adult
1643,female,childl
1644,female,adult
1645,female,adult
1646,male,adult
1647,female,childl
1648,female,adult
1649,female,adult
1650,male,adult
1651,male,adult
1652,female,adult
1653,male,adult
1654,female,childl
1655,female,adult
1656,male,adult
1657,female,adult
1658,male,adult
1659,male,adult
1660,female,childl
1661,male,adult
1662,male,adult
1663,male,adult
1664,female,adult
1665,male,adult
1666,male,adult
1667,female,adult
1668,female,adult
1669,female,adult
1670,female,adult
1671,female,adult
1672,female,adult
1673,female,adult
1674,female,adult
1675,female,adult
1676,female,adult
1677,male,adult
1678,female,childl
1679,female,adult
1680,male,adult
1681,female,adult
1682,male,adult
1683,male,adult
1684,male,adult
1685,female,adult
1686,female,adult
1687,female,adult
1688,male,adult
1689,female,adult
1690,female,adult
1691,male,adult
1692,female,adult
1693,female,adult
1694,female,childl
1695,female,adult
1696,male,adult
1697,male,adult
1698,female,adult
1699,female,adult
1700,male,adult
1701,male,adult
1702,male,adult
1703,female,adult
1704,female,adult
1705,male,adult
1706,female,childl
1707,female,adult
1708,female,childl
1709,female,childl
1710,female,adult
1711,male,adult
1712,male,adult
1713,male,adult
1714,female,adult
1715,male,adult
1716,male,adult
1717,female,adult
1718,female,adult
1719,male,adult
1720,male,adult
1721,male,adult
1722,female,adult
1723,female,adult
1724,female,adult
1725,male,adult
1726,male,adult
1727,male,adult
1728,male,adult
1729,female,adult
1730,female,adult
1731,female,childl
1732,female,adult
1733,female,adult
1734,male,adult
1735,female,adult
1736,female,adult
1737,female,adult
1738,male,adult
1739,male,adult
1740,male,adult
1741,female,adult
1742,male,adult
1743,female,adult
1744,female,adult
1745,male,adult
1746,female,childl
1747,male,adult
1748,female,adult
1749,male,adult
1750,female,adult
1751,male,adult
1752,female,adult
1753,female,adult
1754,female,adult
1755,male,adult
1756,male,adult
1757,male,adult
1758,male,adult
1759,male,adult
1760,female,adult
1761,female,adult
1762,female,adult
1763,male,adult
1764,male,adult
1765,female,adult
1766,male,adult
1767,female,adult
1768,male,adult
1769,female,adult
1770,female,adult
1771,male,adult
1772,male,adult
1773,male,adult
1774,male,adult
1775,female,adult
1776,male,adult
1777,female,adult
1778,female,adult
1779,male,adult
1780,female,childl
1781,female,adult
1782,male,adult
1783,female,childl
1784,female,adult
1785,female,adult
1786,female,childl
1787,male,adult
1788,male,adult
1789,female,childl
1790,female,adult
1791,female,childl
1792,female,adult
1793,male,adult
1794,female,adult
1795,female,adult
1796,male,adult
1797,female,adult
1798,male,adult
1799,female,childl
1800,female,adult
1801,female,adult
1802,female,adult
1803,male,adult
1804,male,adult
1805,female,adult
1806,male,adult
1807,male,adult
1808,female,adult
1809,female,adult
1810,female,childl
1811,female,childl
1812,male,adult
1813,male,adult
1814,female,adult
1815,female,adult
1816,male,adult
1817,male,adult
1818,male,adult
1819,female,childl
1820,female,adult
1821,female,adult
1822,male,adult
1823,female,childl
1824,female,adult
1825,male,adult
1826,female,childl
1827,female,adult
1828,male,adult
1829,female,adult
1830,male,adult
1831,male,adult
1832,female,childl
1833,female,adult
1834,female,childl
1835,male,adult
1836,male,adult
1837,female,adult
1838,female,childl
1839,female,adult
1840,female,adult
1841,female,adult
1842,male,adult
1843,male,adult
1844,female,adult
1845,male,adult
1846,female,adult
1847,male,adult
1848,female,childl
1849,female,adult
1850,male,adult
1851,female,adult
1852,female,adult
1853,male,adult
1854,female,adult
1855,female,adult
1856,female,adult
1857,male,adult
1858,male,adult
1859,female,adult
1860,female,childl
1861,male,adult
1862,male,adult
1863,female,adult
1864,female,adult
1865,female,adult
1866,male,adult
1867,male,adult
1868,male,adult
1869,male,adult
1870,male,adult
1871,male,adult
1872,female,adult
1873,male,adult
1874,male,adult
1875,female,childl
1876,male,adult
1877,female,adult
1878,male,adult
1879,male,adult
1880,female,adult
1881,female,adult
1882,male,adult
1883,male,adult
1884,male,adult
1885,male,adult
1886,female,adult
1887,female,adult
1888,male,adult
1889,female,adult
1890,male,adult
1891,male,adult
1892,female,adult
1893,male,adult
1894,female,childl
1895,female,adult
1896,male,adult
1897,male,adult
1898,female,childl
1899,male,adult
1900,female,adult
1901,male,adult
1902,male,adult
1903,female,childl
1904,female,childl
1905,female,adult
1906,male,adult
1907,female,adult
1908,female,adult
1909,male,adult
1910,male,adult
1911,female,childl
1912,female,adult
1913,male,adult
1914,female,childl
1915,female,adult
1916,male,adult
1917,male,adult
1918,female,adult
1919,female,adult
1920,female,adult
1921,female,childl
1922,female,adult
1923,male,adult
1924,female,adult
1925,female,adult
1926,female,adult
1927,male,adult
1928,male,adult
1929,male,adult
1930,male,adult
1931,female,adult
1932,female,adult
1933,female,childl
1934,male,adult
1935,male,adult
1936,female,childl
1937,female,adult
1938,female,adult
1939,female,adult
1940,male,adult
1941,female,adult
1942,female,adult
1943,male,adult
1944,male,adult
1945,male,adult
1946,male,adult
1947,female,adult
1948,female,adult
1949,female,adult
1950,female,adult
1951,female,adult
1952,male,adult
1953,female,adult
1954,female,adult
1955,female,adult
1956,female,adult
1957,female,adult
1958,female,adult
1959,male,adult
1960,female,childl
1961,female,childl
1962,male,adult
1963,female,adult
1964,female,childl
1965,female,adult
1966,female,adult
1967,female,adult
1968,male,adult
1969,female,childl
1970,female,adult
1971,female,adult
1972,male,adult
1973,male,adult
1974,female,adult
1975,female,adult
1976,male,adult
1977,male,adult
1978,female,adult
1979,male,adult
1980,male,adult
1981,female,childl
1982,female,adult
1983,female,adult
1984,female,childl
1985,female,adult
1986,male,adult
1987,female,adult
1988,female,adult
1989,male,adult
1990,female,adult
1991,male,adult
1992,female,childl
1993,female,childl
1994,male,adult
1995,female,adult
1996,female,adult
1997,female,adult
1998,female,childl
1999,male,adult
2000,female,adult
2001,male,adult
2002,female,childl
2003,female,adult
2004,female,adult
2005,male,adult
2006,female,adult
2007,female,adult
2008,male,adult
2009,male,adult
2010,female,adult
2011,male,adult
2012,male,adult
2013,female,adult
2014,female,childl
2015,female,adult
2016,female,adult
2017,female,adult
2018,male,adult
2019,male,adult
2020,male,adult
2021,female,adult
2022,female,adult
2023,female,childl
2024,female,adult
2025,male,adult
2026,female,adult
2027,male,adult
2028,male,adult
2029,female,adult
2030,female,adult
2031,female,adult
2032,female,adult
2033,female,adult
2034,female,adult
2035,female,adult
2036,female,adult
2037,male,adult
2038,female,adult
2039,male,adult
2040,male,adult
2041,female,adult
2042,male,adult
2043,male,adult
2044,female,adult
2045,female,childl
2046,male,adult
2047,male,adult
2048,female,childl
2049,female,adult
2050,female,adult
2051,female,childl
2052,male,adult
2053,male,adult
2054,female,adult
2055,male,adult
2056,male,adult
2057,female,adult
2058,male,adult
2059,female,adult
2060,female,adult
2061,female,adult
2062,male,adult
2063,female,adult
2064,female,adult
2065,female,adult
2066,male,adult
2067,male,adult
2068,female,adult
2069,female,adult
2070,female,adult
2071,male,adult
2072,male,adult
2073,female,adult
2074,female,adult
2075,female,adult
2076,female,childl
2077,female,adult
2078,female,adult
2079,male,adult
2080,female,adult
2081,female,adult
2082,male,adult
2083,male,adult
2084,male,adult
2085,female,adult
2086,male,adult
2087,male,adult
2088,female,adult
2089,male,adult
2090,male,adult
2091,female,adult
2092,female,adult
2093,female,adult
2094,male,adult
2095,male,adult
2096,female,adult
2097,male,adult
2098,female,adult
2099,female,adult
2100,male,adult
2101,female,childl
2102,female,adult
2103,male,adult
2104,female,adult
2105,male,adult
2106,male,adult
2107,female,adult
2108,female,adult
2109,male,adult
2110,female,adult
2111,female,adult
2112,female,adult
2113,female,adult
2114,female,adult
2115,male,adult
2116,male,adult
2117,female,childl
2118,female,adult
2119,female,adult
2120,female,adult
2121,female,adult
2122,male,adult
2123,female,adult
2124,male,adult
2125,female,adult
2126,female,adult
2127,female,adult
2128,female,adult
2129,male,adult
2130,female,adult
2131,female,adult
2132,female,childl
2133,female,adult
2134,female,adult
2135,female,childl
2136,female,adult
2137,male,adult
2138,female,adult
2139,male,adult
2140,male,adult
2141,female,adult
2142,male,adult
2143,male,adult
2144,male,adult
2145,male,adult
2146,female,adult
2147,male,adult
2148,female,adult
2149,male,adult
2150,female,childl
2151,female,adult
2152,female,adult
2153,female,adult
2154,male,adult
2155,male,adult
2156,female,adult
2157,female,adult
2158,female,childl
2159,male,adult
2160,female,adult
2161,male,adult
2162,male,adult
2163,male,adult
2164,female,adult
2165,female,childl
2166,female,childl
2167,male,adult
2168,male,adult
2169,female,adult
2170,male,adult
2171,female,childl
2172,female,childl
2173,female,adult
2174,female,childl
2175,female,childl
2176,female,adult
2177,male,adult
2178,female,adult
2179,female,childl
2180,male,adult
2181,female,adult
2182,female,adult
2183,male,adult
2184,male,adult
2185,male,adult
2186,female,adult
2187,female,childl
2188,female,adult
2189,female,adult
2190,female,adult
2191,male,adult
2192,female,adult
2193,female,adult
2194,female,adult
2195,male,adult
2196,female,adult
2197,female,adult
2198,male,adult
2199,female,adult
2200,male,adult
2201,male,adult
2202,female,childl
2203,male,adult
2204,female,childl
2205,male,adult
2206,male,adult
2207,female,adult
2208,female,adult
2209,female,adult
2210,male,adult
2211,male,adult
2212,male,adult
2213,female,childl
2214,female,adult
2215,female,adult
2216,female,childl
2217,female,adult
2218,male,adult
2219,female,childl
2220,female,adult
2221,female,adult
2222,male,adult
2223,female,adult
2224,male,adult
2225,female,adult
2226,female,childl
2227,female,adult
2228,male,adult
2229,male,adult
2230,female,adult
2231,male,adult
2232,female,adult
2233,male,adult
2234,female,adult
2235,male,adult
2236,female,adult
2237,male,adult
2238,male,adult
2239,female,adult
2240,male,adult
2241,male,adult
2242,female,adult
2243,female,adult
2244,female,childl
2245,male,adult
2246,female,adult
2247,female,childl
2248,female,adult
2249,male,adult
2250,female,adult
2251,male,adult
2252,female,childl
2253,female,adult
2254,female,adult
2255,female,adult
2256,female,adult
2257,male,adult
2258,female,adult
2259,female,adult
2260,male,adult
2261,male,adult
2262,male,adult
2263,male,adult
2264,female,adult
2265,male,adult
2266,male,adult
2267,female,adult
2268,male,adult
2269,male,adult
2270,female,adult
2271,female,adult
2272,female,childl
2273,female,adult
2274,female,adult
2275,female,adult
2276,female,adult
2277,female,adult
2278,male,adult
2279,male,adult
2280,female,childl
2281,male,adult
2282,female,adult
2283,male,adult
2284,female,adult
2285,female,adult
2286,female,adult
2287,male,adult
2288,female,adult
2289,male,adult
2290,female,adult
2291,male,adult
2292,male,adult
2293,female,childl
2294,female,adult
2295,female,childl
2296,male,adult
2297,female,adult
2298,male,adult
2299,female,adult
2300,female,childl
2301,female,childl
2302,male,adult
2303,male,adult
2304,female,adult
2305,female,adult
2306,female,adult
2307,female,adult
2308,male,adult
2309,female,adult
2310,female,adult
2311,male,adult
2312,male,adult
2313,male,adult
2314,female,adult
2315,female,adult
2316,female,adult
2317,male,adult
2318,male,adult
2319,female,adult
2320,male,adult
2321,male,adult
2322,female,childl
2323,female,adult
2324,female,adult
2325,male,adult
2326,female,adult
2327,female,adult
2328,male,adult
2329,male,adult
2330,female,adult
2331,male,adult
2332,female,adult
2333,female,adult
2334,female,adult
2335,female,adult
2336,male,adult
2337,female,adult
2338,female,childl
2339,female,adult
2340,female,adult
2341,female,childl
2342,female,childl
2343,female,adult
2344,female,adult
2345,female,childl
2346,female,adult
2347,female,childl
2348,male,adult
2349,female,adult
2350,female,adult
2351,male,adult
2352,male,adult
2353,female,adult
2354,male,adult
2355,female,adult
2356,female,adult
2357,male,adult
2358,female,adult
2359,female,adult
2360,male,adult
2361,female,adult
2362,female,adult
2363,female,adult
2364,female,adult
2365,male,adult
2366,female,adult
2367,female,adult
2368,female,adult
2369,male,adult
2370,female,adult
2371,male,adult
2372,male,adult
2373,female,adult
2374,male,adult
2375,male,adult
2376,male,adult
2377,male,adult
2378,female,adult
2379,female,childl
2380,female,childl
2381,female,childl
2382,female,adult
2383,female,adult
2384,female,adult
2385,male,adult
2386,male,adult
2387,female,adult
2388,female,adult
2389,male,adult
2390,female,adult
2391,male,adult
2392,female,adult
2393,male,adult
2394,male,adult
2395,female,adult
2396,male,adult
2397,female,adult
2398,male,adult
2399,female,adult
2400,male,adult
2401,female,childl
2402,female,adult
2403,female,adult
2404,male,adult
2405,female,adult
2406,female,adult
2407,male,adult
2408,female,adult
2409,female,adult
2410,male,adult
2411,female,adult
2412,male,adult
2413,female,adult
2414,female,childl
2415,male,adult
2416,female,adult
2417,female,adult
2418,female,childl
2419,female,adult
2420,female,childl
2421,male,adult
2422,male,adult
2423,male,adult
2424,male,adult
2425,female,adult
2426,male,adult
2427,female,adult
2428,female,adult
2429,female,adult
2430,female,adult
2431,female,adult
2432,female,adult
2433,female,adult
2434,female,adult
2435,male,adult
2436,female,childl
2437,female,adult
2438,female,adult
2439,female,adult
2440,female,adult
2441,female,adult
2442,male,adult
2443,male,adult
2444,male,adult
2445,female,adult
2446,female,adult
2447,male,adult
2448,female,childl
2449,female,adult
2450,female,adult
2451,male,adult
2452,male,adult
2453,male,adult
2454,female,adult
2455,male,adult
2456,female,adult
2457,female,adult
2458,female,adult
2459,female,adult
2460,female,adult
2461,male,adult
2462,male,adult
2463,female,childl
2464,female,childl
2465,female,adult
2466,female,adult
2467,female,childl
2468,male,adult
2469,female,adult
2470,male,adult
2471,female,childl
2472,female,childl
2473,female,adult
2474,female,adult
2475,female,adult
2476,male,adult
2477,female,adult
2478,female,adult
2479,male,adult
2480,female,adult
2481,male,adult
2482,male,adult
2483,male,adult
2484,male,adult
2485,male,adult
2486,male,adult
2487,female,adult
2488,male,adult
2489,female,adult
2490,female,adult
2491,male,adult
2492,male,adult
2493,female,adult
2494,female,childl
2495,female,adult
2496,female,childl
2497,female,adult
2498,female,adult
2499,male,adult
2500,female,adult
2501,female,adult
2502,female,adult
2503,female,childl
2504,female,adult
2505,female,adult
2506,male,adult
2507,female,adult
2508,male,adult
2509,female,adult
2510,male,adult
2511,male,adult
2512,male,adult
2513,female,adult
2514,female,adult
2515,female,childl
2516,female,childl
2517,male,adult
2518,female,adult
2519,male,adult
2520,male,adult
2521,female,childl
2522,male,adult
2523,female,adult
2524,female,adult
2525,female,childl
2526,female,adult
2527,female,adult
2528,male,adult
2529,female,childl
2530,female,adult
2531,male,adult
2532,female,adult
2533,male,adult
2534,female,childl
2535,female,adult
2536,female,adult
2537,male,adult
2538,female,adult
2539,male,adult
2540,female,adult
2541,female,adult
2542,female,adult
2543,female,adult
2544,male,adult
2545,female,adult
2546,female,adult
2547,female,adult
2548,female,adult
2549,female,adult
2550,female,adult
2551,female,adult
2552,male,adult
2553,female,adult
2554,female,adult
2555,female,adult
2556,male,adult
2557,female,adult
2558,male,adult
2559,male,adult
2560,female,adult
2561,male,adult
2562,female,childl
2563,female,adult
2564,female,adult
2565,male,adult
2566,female,adult
2567,male,adult
2568,female,childl
2569,female,adult
2570,female,adult
2571,male,adult
2572,male,adult
2573,male,adult
2574,male,adult
2575,male,adult
2576,female,childl
2577,female,adult
2578,female,adult
2579,female,childl
2580,male,adult
2581,male,adult
2582,female,adult
2583,female,adult
2584,male,adult
2585,male,adult
2586,female,adult
2587,male,adult
2588,female,childl
2589,male,adult
2590,male,adult
2591,female,adult
2592,female,childl
2593,female,adult
2594,male,adult
2595,female,adult
2596,male,adult
2597,male,adult
2598,female,adult
2599,male,adult
2600,female,adult
2601,female,childl
2602,female,adult
2603,male,adult
2604,female,adult
2605,female,adult
2606,female,adult
2607,female,adult
2608,male,adult
2609,female,adult
2610,female,adult
2611,female,childl
2612,female,adult
2613,female,adult
2614,female,adult
2615,male,adult
2616,female,adult
2617,female,adult
2618,male,adult
2619,female,adult
2620,female,childl
2621,male,adult
2622,female,childl
2623,female,adult
2624,female,adult
2625,female,adult
2626,male,adult
2627,male,adult
2628,female,adult
2629,female,adult
2630,male,adult
2631,male,adult
2632,male,adult
2633,female,adult
2634,female,adult
2635,male,adult
2636,female,childl
2637,female,adult
2638,female,adult
2639,female,childl
2640,female,adult
2641,female,adult
2642,female,adult
2643,female,childl
2644,male,adult
2645,male,adult
2646,female,adult
2647,female,adult
2648,female,adult
2649,female,adult
2650,female,adult
2651,female,adult
2652,male,adult
2653,female,adult
2654,male,adult
2655,male,adult
2656,male,adult
2657,male,adult
2658,female,adult
2659,male,adult
2660,male,adult
2661,female,adult
2662,female,adult
2663,male,adult
2664,male,adult
2665,female,adult
2666,male,adult
2667,male,adult
2668,male,adult
2669,female,adult
2670,female,adult
2671,male,adult
2672,female,adult
2673,female,childl
2674,male,adult
2675,female,childl
2676,female,adult
2677,female,adult
2678,male,adult
2679,female,adult
2680,male,adult
2681,female,adult
2682,male,adult
2683,female,adult
2684,male,adult
2685,female,adult
2686,female,childl
2687,female,adult
2688,male,adult
2689,male,adult
2690,male,adult
2691,female,adult
2692,female,adult
2693,female,adult
2694,male,adult
2695,female,adult
2696,female,childl
2697,female,adult
2698,female,adult
2699,female,childl
2700,female,adult
2701,female,adult
2702,male,adult
2703,female,adult
2704,female,adult
2705,male,adult
2706,male,adult
2707,female,adult
2708,female,adult
2709,male,adult
2710,male,adult
2711,female,childl
2712,male,adult
2713,female,adult
2714,male,adult
2715,female,adult
2716,male,adult
2717,male,adult
2718,male,adult
2719,male,adult
2720,male,adult
2721,female,adult
2722,female,adult
2723,female,adult
2724,male,adult
2725,female,adult
2726,male,adult
2727,female,childl
2728,female,childl
2729,male,adult
2730,male,adult
2731,male,adult
2732,male,adult
2733,male,adult
2734,male,adult
2735,female,adult
2736,female,adult
2737,female,adult
2738,female,adult
2739,male,adult
2740,male,adult
2741,female,adult
2742,male,adult
2743,female,childl
2744,female,childl
2745,female,adult
2746,female,adult
2747,female,adult
2748,male,adult
2749,male,adult
2750,male,adult
2751,female,adult
2752,female,adult
2753,female,childl
2754,male,adult
2755,male,adult
2756,female,adult
2757,female,adult
2758,female,adult
2759,female,adult
2760,male,adult
2761,female,adult
2762,female,adult
2763,female,childl
2764,male,adult
2765,male,adult
2766,female,adult
2767,female,adult
2768,male,adult
2769,female,adult
2770,male,adult
2771,female,adult
2772,male,adult
2773,female,childl
2774,female,adult
2775,male,adult
2776,male,adult
2777,female,adult
2778,female,adult
2779,female,childl
2780,female,childl
2781,male,adult
2782,male,adult
2783,male,adult
2784,female,adult
2785,female,adult
2786,male,adult
2787,male,adult
2788,female,adult
2789,female,adult
2790,male,adult
2791,male,adult
2792,female,childl
2793,female,adult
2794,male,adult
2795,female,adult
2796,male,adult
2797,male,adult
2798,male,adult
2799,female,adult
2800,male,adult
2801,male,adult
2802,female,adult
2803,male,adult
2804,female,adult
2805,male,adult
2806,male,adult
2807,male,adult
2808,female,childl
2809,female,adult
2810,female,adult
2811,female,childl
2812,male,adult
2813,male,adult
2814,male,adult
2815,male,adult
2816,female,adult
2817,male,adult
2818,male,adult
2819,female,adult
2820,male,adult
2821,male,adult
2822,male,adult
2823,female,adult
2824,female,adult
2825,female,childl
2826,female,adult
2827,male,adult
2828,male,adult
2829,female,childl
2830,female,childl
2831,male,adult
2832,female,adult
2833,female,adult
2834,female,childl
2835,female,adult
2836,male,adult
2837,female,adult
2838,female,childl
2839,female,adult
2840,female,adult
2841,female,adult
2842,female,childl
2843,female,childl
2844,female,childl
2845,female,adult
2846,female,childl
2847,male,adult
2848,male,adult
2849,female,adult
2850,female,adult
2851,male,adult
2852,male,adult
2853,male,adult
2854,male,adult
2855,female,adult
2856,female,adult
2857,female,adult
2858,female,adult
2859,female,adult
2860,male,adult
2861,male,adult
2862,male,adult
2863,female,adult
2864,female,adult
2865,male,adult
2866,female,adult
2867,female,adult
2868,female,adult
2869,male,adult
2870,female,adult
2871,male,adult
2872,female,adult
2873,male,adult
2874,female,childl
2875,female,adult
2876,female,adult
2877,female,adult
2878,male,adult
2879,male,adult
2880,female,adult
2881,female,adult
2882,female,adult
2883,male,adult
2884,female,adult
2885,female,adult
2886,female,adult
2887,female,adult
2888,female,adult
2889,male,adult
2890,female,adult
2891,female,adult
2892,male,adult
2893,male,adult
2894,male,adult
2895,male,adult
2896,female,adult
2897,male,adult
2898,male,adult
2899,male,adult
2900,female,adult
2901,male,adult
2902,male,adult
2903,male,adult
2904,female,adult
2905,male,adult
2906,male,adult
2907,female,childl
2908,male,adult
2909,male,adult
2910,male,adult
2911,male,adult
2912,female,adult
2913,female,childl
2914,male,adult
2915,male,adult
2916,female,childl
2917,female,adult
2918,male,adult
2919,male,adult
2920,female,adult
2921,female,childl
2922,female,adult
2923,female,adult
2924,male,adult
2925,female,adult
2926,male,adult
2927,female,adult
2928,male,adult
2929,female,adult
2930,female,adult
2931,male,adult
2932,male,adult
2933,female,adult
2934,female,childl
2935,female,adult
2936,male,adult
2937,male,adult
2938,female,adult
2939,male,adult
2940,female,adult
2941,male,adult
2942,female,adult
2943,male,adult
2944,male,adult
2945,male,adult
2946,female,childl
2947,female,adult
2948,female,adult
2949,male,adult
2950,female,childl
2951,male,adult
2952,female,adult
2953,female,childl
2954,male,adult
2955,male,adult
2956,female,adult
2957,female,adult
2958,female,childl
2959,female,adult
2960,female,adult
2961,female,childl
2962,male,adult
2963,male,adult
2964,female,adult
2965,male,adult
2966,male,adult
2967,female,adult
2968,female,adult
2969,female,adult
2970,female,adult
2971,male,adult
2972,male,adult
2973,female,adult
2974,female,adult
2975,female,adult
2976,female,adult
2977,male,adult
2978,male,adult
2979,female,adult
2980,female,childl
2981,male,adult
2982,male,adult
2983,male,adult
2984,female,adult
2985,female,adult
2986,female,adult
2987,male,adult
2988,female,adult
2989,male,adult
2990,male,adult
2991,female,adult
2992,male,adult
2993,female,adult
2994,female,adult
2995,female,childl
2996,male,adult
2997,male,adult
2998,male,adult
2999,female,childl
3000,female,childl
3001,female,adult
3002,female,adult
3003,female,childl
3004,female,adult
3005,male,adult
3006,female,adult
3007,female,adult
3008,male,adult
3009,female,adult
3010,female,adult
3011,male,adult
3012,male,adult
3013,female,childl
3014,female,adult
3015,female,adult
3016,female,adult
3017,male,adult
3018,female,childl
3019,female,childl
3020,female,adult
3021,male,adult
3022,female,adult
3023,female,adult
3024,female,childl
3025,male,adult
3026,female,adult
3027,female,adult
3028,female,adult
3029,male,adult
3030,male,adult
3031,female,adult
3032,female,childl
3033,male,adult
3034,male,adult
3035,female,adult
3036,female,adult
3037,female,adult
3038,female,childl
3039,female,adult
3040,female,adult
3041,female,adult
3042,male,adult
3043,female,adult
3044,male,adult
3045,female,adult
3046,female,childl
3047,male,adult
3048,male,adult
3049,male,adult
3050,female,adult
3051,female,adult
3052,male,adult
3053,female,adult
3054,female,adult
3055,female,adult
3056,female,adult
3057,female,adult
3058,male,adult
3059,male,adult
3060,female,adult
3061,female,adult
3062,male,adult
3063,male,adult
3064,male,adult
3065,female,adult
3066,female,childl
3067,female,childl
3068,female,adult
3069,female,adult
3070,female,adult
3071,female,adult
3072,male,adult
3073,female,adult
3074,female,childl
3075,male,adult
3076,male,adult
3077,female,childl
3078,female,childl
3079,male,adult
3080,male,adult
3081,female,adult
3082,female,adult
3083,male,adult
3084,male,adult
3085,female,adult
3086,female,adult
3087,female,adult
3088,male,adult
3089,male,adult
3090,male,adult
3091,male,adult
3092,female,adult
3093,male,adult
3094,male,adult
3095,female,childl
3096,male,adult
3097,female,adult
3098,male,adult
3099,female,adult
3100,female,adult
3101,female,adult
3102,female,childl
3103,female,adult
3104,female,adult
3105,female,adult
3106,female,adult
3107,female,adult
3108,male,adult
3109,female,adult
3110,female,childl
3111,female,adult
3112,male,adult
3113,female,childl
3114,male,adult
3115,female,adult
3116,female,adult
3117,male,adult
3118,male,adult
3119,female,adult
3120,male,adult
3121,female,adult
3122,female,adult
3123,male,adult
3124,female,childl
3125,female,adult
3126,female,adult
3127,female,adult
3128,male,adult
3129,female,childl
3130,female,adult
3131,male,adult
3132,male,adult
3133,male,adult
3134,female,adult
3135,male,adult
3136,female,childl
3137,male,adult
3138,female,adult
3139,female,adult
3140,female,adult
3141,female,adult
3142,female,adult
3143,female,adult
3144,female,childl
3145,male,adult
3146,female,adult
3147,male,adult
3148,female,adult
3149,male,adult
3150,female,adult
3151,female,childl
3152,male,adult
3153,female,childl
3154,female,adult
3155,female,adult
3156,female,adult
3157,male,adult
3158,male,adult
3159,female,adult
3160,female,adult
3161,female,adult
3162,male,adult
3163,female,adult
3164,female,adult
3165,female,childl
3166,female,adult
3167,male,adult
3168,male,adult
3169,female,adult
3170,female,adult
3171,female,childl
3172,female,childl
3173,female,childl
3174,female,adult
3175,female,adult
3176,male,adult
3177,male,adult
3178,male,adult
3179,female,adult
3180,male,adult
3181,female,adult
3182,female,adult
3183,female,childl
3184,female,adult
3185,male,adult
3186,female,adult
3187,female,adult
3188,female,childl
3189,female,adult
3190,male,adult
3191,male,adult
3192,male,adult
3193,female,adult
3194,male,adult
3195,male,adult
3196,female,adult
3197,male,adult
3198,female,childl
3199,male,adult
3200,female,childl
3201,male,adult
3202,male,adult
3203,female,adult
3204,male,adult
3205,female,adult
3206,male,adult
3207,female,adult
3208,male,adult
3209,male,adult
3210,female,childl
3211,female,adult
3212,female,childl
3213,female,adult
3214,male,adult
3215,female,adult
3216,female,childl
3217,male,adult
3218,male,adult
3219,female,childl
3220,male,adult
3221,female,adult
3222,female,adult
3223,female,adult
3224,male,adult
3225,female,adult
3226,female,adult
3227,female,childl
3228,female,adult
3229,male,adult
3230,male,adult
3231,male,adult
3232,female,adult
3233,male,adult
3234,female,adult
3235,female,adult
3236,male,adult
3237,male,adult
3238,female,adult
3239,male,adult
3240,female,adult
3241,female,childl
3242,female,adult
3243,female,childl
3244,female,adult
3245,female,adult
3246,male,adult
3247,female,adult
3248,female,adult
3249,female,adult
3250,female,childl
3251,female,adult
3252,female,adult
3253,female,adult
3254,female,childl
3255,female,adult
3256,male,adult
3257,female,adult
3258,male,adult
3259,male,adult
3260,male,adult
3261,female,adult
3262,female,adult
3263,female,adult
3264,male,adult
3265,female,childl
3266,female,adult
3267,female,childl
3268,female,childl
3269,female,adult
3270,female,adult
3271,female,adult
3272,male,adult
3273,female,adult
3274,female,adult
3275,female,adult
3276,male,adult
3277,female,adult
3278,female,childl
3279,male,adult
3280,female,adult
3281,male,adult
3282,female,adult
3283,male,adult
3284,female,adult
3285,female,adult
3286,female,adult
3287,female,adult
3288,male,adult
3289,female,adult
3290,male,adult
3291,female,adult
3292,female,adult
3293,female,adult
3294,female,childl
3295,female,adult
3296,female,adult
3297,male,adult
3298,female,childl
3299,female,adult
3300,female,adult
3301,male,adult
3302,male,adult
3303,female,childl
3304,female,adult
3305,female,adult
3306,male,adult
3307,female,adult
3308,male,adult
3309,male,adult
3310,female,adult
3311,female,adult
3312,female,adult
3313,female,childl
3314,female,adult
3315,female,adult
3316,male,adult
3317,male,adult
3318,male,adult
3319,female,adult
3320,female,adult
3321,female,childl
3322,male,adult
3323,male,adult
3324,female,childl
3325,female,childl
3326,male,adult
3327,male,adult
3328,male,adult
3329,female,adult
3330,male,adult
3331,male,adult
3332,female,adult
3333,female,adult
3334,male,adult
3335,male,adult
3336,female,adult
3337,male,adult
3338,female,adult
3339,female,adult
3340,male,adult
3341,male,adult
3342,female,adult
3343,female,adult
3344,male,adult
3345,female,adult
3346,male,adult
3347,female,adult
3348,female,childl
3349,female,adult
3350,female,adult
3351,female,adult
3352,male,adult
3353,female,childl
3354,male,adult
3355,female,adult
3356,female,childl
3357,female,childl
3358,male,adult
3359,male,adult